"qualityR","variable","value"
"0","volatile.acidity",1.00446697982258
"1","volatile.acidity",0.0914013357639869
"2","volatile.acidity",-0.722656858479791
"0","chlorides",-0.103673605677622
"1","chlorides",0.0204366087142838
"2","chlorides",-0.219998323709568
"0","density",0.00565129589967373
"1","density",0.0584513378278586
"2","density",-0.273547675820097
"0","pH",0.530936548988272
"1","pH",0.0151911301694713
"2","pH",-0.196347751343501
